EXAM_ID,ORDER_ID,PROC_ID,DEPARTMENT_ID,EXAM_START_DTTM,EXAM_END_DTTM,EXAM_STATUS
1,1,6,2,2025-11-26 06:54:10,2025-11-26 07:09:10,COMPLETED
2,2,4,2,2025-12-15 06:57:10,2025-12-15 07:11:10,COMPLETED
3,3,12,3,2025-12-11 03:03:10,2025-12-11 03:46:10,COMPLETED
4,4,8,3,2025-11-30 16:06:10,2025-11-30 16:15:10,COMPLETED
5,5,3,4,2025-12-02 04:30:10,2025-12-02 05:10:10,COMPLETED
6,6,11,2,2025-12-13 01:21:10,2025-12-13 01:50:10,COMPLETED
7,7,14,3,2025-12-06 05:13:10,2025-12-06 05:51:10,COMPLETED
8,8,6,1,2025-11-22 03:10:10,,CANCELLED
9,9,14,1,2025-11-20 03:41:10,2025-11-20 03:51:10,COMPLETED
10,10,4,2,2025-12-05 10:10:10,,NO_SHOW
11,11,13,2,2025-11-30 10:41:10,2025-11-30 11:06:10,COMPLETED
12,12,13,4,2025-11-28 17:02:10,2025-11-28 17:12:10,COMPLETED
13,13,1,1,2025-12-04 21:31:10,,NO_SHOW
14,14,13,1,2025-12-07 01:34:10,2025-12-07 02:13:10,COMPLETED
15,15,10,2,2025-12-06 21:37:10,2025-12-06 22:05:10,COMPLETED
16,16,13,4,2025-11-29 16:54:10,2025-11-29 17:06:10,COMPLETED
17,17,3,1,2025-11-30 01:09:10,2025-11-30 01:20:10,COMPLETED
18,18,9,3,2025-11-24 20:10:10,2025-11-24 20:51:10,COMPLETED
19,19,10,3,2025-11-17 23:49:10,2025-11-18 00:16:10,COMPLETED
20,20,14,2,2025-11-24 16:39:10,,CANCELLED
21,21,2,3,2025-12-15 20:50:10,2025-12-15 20:57:10,COMPLETED
22,22,9,2,2025-12-09 17:21:10,2025-12-09 17:32:10,COMPLETED
23,23,12,3,2025-12-14 14:08:10,2025-12-14 14:20:10,COMPLETED
24,24,9,2,2025-12-01 16:57:10,2025-12-01 17:29:10,COMPLETED
25,25,13,1,2025-11-26 16:25:10,2025-11-26 17:09:10,COMPLETED
26,26,2,2,2025-12-07 22:03:10,2025-12-07 22:32:10,COMPLETED
27,27,4,3,2025-12-06 16:29:10,2025-12-06 16:49:10,COMPLETED
28,28,9,2,2025-12-02 02:19:10,2025-12-02 02:47:10,COMPLETED
29,29,5,3,2025-12-13 06:05:10,2025-12-13 06:14:10,COMPLETED
30,30,5,2,2025-11-21 00:41:10,2025-11-21 01:09:10,COMPLETED
31,31,2,2,2025-11-22 18:31:10,2025-11-22 18:48:10,COMPLETED
32,32,11,3,2025-12-08 22:40:10,2025-12-08 23:14:10,COMPLETED
33,33,13,3,2025-12-08 04:25:10,2025-12-08 04:46:10,COMPLETED
34,34,1,1,2025-12-09 14:53:10,2025-12-09 15:32:10,COMPLETED
35,35,4,3,2025-11-23 00:45:10,2025-11-23 01:10:10,COMPLETED
36,36,13,2,2025-11-27 07:08:10,2025-11-27 07:35:10,COMPLETED
37,37,10,1,2025-12-05 00:11:10,2025-12-05 00:19:10,COMPLETED
38,38,12,2,2025-12-03 05:24:10,2025-12-03 06:02:10,COMPLETED
39,39,13,2,2025-11-21 20:22:10,2025-11-21 20:54:10,COMPLETED
40,40,5,1,2025-12-05 00:28:10,2025-12-05 00:56:10,COMPLETED
41,41,2,2,2025-11-30 08:16:10,2025-11-30 08:30:10,COMPLETED
42,42,10,3,2025-12-03 00:56:10,2025-12-03 01:15:10,COMPLETED
43,43,8,1,2025-11-22 04:25:10,,CANCELLED
44,44,3,1,2025-11-23 22:50:10,2025-11-23 22:56:10,COMPLETED
45,45,11,2,2025-11-26 03:20:10,2025-11-26 03:30:10,COMPLETED
46,46,4,4,2025-12-08 23:44:10,2025-12-08 23:54:10,COMPLETED
47,47,10,2,2025-11-22 11:53:10,2025-11-22 12:19:10,COMPLETED
48,48,1,2,2025-11-23 12:30:10,,CANCELLED
49,49,7,2,2025-12-03 11:25:10,2025-12-03 11:39:10,COMPLETED
50,50,14,1,2025-12-11 07:05:10,2025-12-11 07:40:10,COMPLETED
51,51,11,1,2025-11-24 14:42:10,,CANCELLED
52,52,7,1,2025-12-06 16:12:10,2025-12-06 16:40:10,COMPLETED
53,53,10,1,2025-12-06 02:47:10,2025-12-06 03:13:10,COMPLETED
54,54,10,4,2025-11-29 02:04:10,2025-11-29 02:43:10,COMPLETED
55,55,10,1,2025-11-29 20:15:10,,CANCELLED
56,56,6,3,2025-12-01 20:34:10,2025-12-01 20:54:10,COMPLETED
57,57,11,3,2025-12-13 08:44:10,2025-12-13 09:22:10,COMPLETED
58,58,4,4,2025-12-01 08:31:10,2025-12-01 09:13:10,COMPLETED
59,59,14,4,2025-11-25 02:23:10,2025-11-25 02:58:10,COMPLETED
60,60,13,4,2025-12-01 13:15:10,2025-12-01 13:23:10,COMPLETED
61,61,9,4,2025-12-15 17:59:10,2025-12-15 18:06:10,COMPLETED
62,62,9,1,2025-11-26 21:49:10,2025-11-26 21:58:10,COMPLETED
63,63,9,2,2025-11-26 21:22:10,2025-11-26 21:53:10,COMPLETED
64,64,10,4,2025-11-26 21:29:10,2025-11-26 21:36:10,COMPLETED
65,65,3,2,2025-12-14 03:07:10,2025-12-14 03:17:10,COMPLETED
66,66,12,1,2025-11-22 01:22:10,2025-11-22 01:28:10,COMPLETED
67,67,14,3,2025-12-08 22:54:10,2025-12-08 23:16:10,COMPLETED
68,68,8,3,2025-11-24 04:17:10,2025-11-24 04:53:10,COMPLETED
69,69,10,4,2025-12-13 10:24:10,2025-12-13 10:52:10,COMPLETED
70,70,9,3,2025-11-25 15:09:10,2025-11-25 15:49:10,COMPLETED
71,71,14,2,2025-11-24 12:13:10,2025-11-24 12:50:10,COMPLETED
72,72,2,3,2025-11-18 03:22:10,2025-11-18 04:00:10,COMPLETED
73,73,5,4,2025-12-04 11:09:10,2025-12-04 11:35:10,COMPLETED
74,74,13,1,2025-11-25 11:05:10,2025-11-25 11:32:10,COMPLETED
75,75,10,1,2025-11-21 11:15:10,2025-11-21 11:21:10,COMPLETED
76,76,1,1,2025-11-24 06:22:10,2025-11-24 07:00:10,COMPLETED
77,77,5,4,2025-12-05 08:55:10,2025-12-05 09:32:10,COMPLETED
78,78,10,1,2025-11-18 17:32:10,2025-11-18 18:14:10,COMPLETED
79,79,3,1,2025-12-09 04:20:10,2025-12-09 04:57:10,COMPLETED
80,80,1,3,2025-12-05 11:30:10,,NO_SHOW
81,81,10,3,2025-12-03 06:47:10,2025-12-03 07:21:10,COMPLETED
82,82,3,4,2025-12-13 17:17:10,2025-12-13 17:38:10,COMPLETED
83,83,6,1,2025-11-19 14:11:10,2025-11-19 14:33:10,COMPLETED
84,84,12,1,2025-11-24 13:10:10,2025-11-24 13:38:10,COMPLETED
85,85,8,3,2025-12-09 08:36:10,2025-12-09 09:12:10,COMPLETED
86,86,6,2,2025-12-13 16:58:10,2025-12-13 17:36:10,COMPLETED
87,87,13,4,2025-12-08 23:45:10,2025-12-09 00:04:10,COMPLETED
88,88,14,3,2025-12-06 13:16:10,2025-12-06 13:30:10,COMPLETED
89,89,2,4,2025-12-11 21:00:10,2025-12-11 21:17:10,COMPLETED
90,90,6,1,2025-12-07 14:38:10,2025-12-07 14:59:10,COMPLETED
91,91,1,4,2025-11-20 09:03:10,2025-11-20 09:30:10,COMPLETED
92,92,5,2,2025-12-07 17:10:10,,NO_SHOW
93,93,7,4,2025-12-01 18:35:10,,NO_SHOW
94,94,10,3,2025-11-29 01:27:10,2025-11-29 01:49:10,COMPLETED
95,95,2,1,2025-11-29 00:58:10,2025-11-29 01:43:10,COMPLETED
96,96,14,1,2025-11-20 07:51:10,2025-11-20 08:23:10,COMPLETED
97,97,8,4,2025-12-11 22:26:10,,CANCELLED
98,98,4,1,2025-12-05 22:13:10,2025-12-05 22:43:10,COMPLETED
99,99,2,2,2025-12-04 16:07:10,2025-12-04 16:23:10,COMPLETED
100,100,7,2,2025-11-25 09:30:10,2025-11-25 10:15:10,COMPLETED
101,101,4,3,2025-12-07 03:55:10,2025-12-07 04:28:10,COMPLETED
102,102,10,3,2025-11-21 03:53:10,2025-11-21 04:10:10,COMPLETED
103,103,9,1,2025-11-23 15:23:10,2025-11-23 15:35:10,COMPLETED
104,104,10,3,2025-11-17 21:58:10,2025-11-17 22:22:10,COMPLETED
105,105,5,3,2025-12-01 12:09:10,2025-12-01 12:18:10,COMPLETED
106,106,1,1,2025-11-20 17:25:10,,NO_SHOW
107,107,8,1,2025-12-05 23:18:10,2025-12-05 23:30:10,COMPLETED
108,108,3,2,2025-12-14 12:49:10,2025-12-14 13:28:10,COMPLETED
109,109,1,3,2025-12-08 14:15:10,2025-12-08 14:44:10,COMPLETED
110,110,5,3,2025-11-24 09:39:10,2025-11-24 09:49:10,COMPLETED
111,111,13,4,2025-12-09 10:44:10,2025-12-09 11:23:10,COMPLETED
112,112,4,4,2025-11-20 13:25:10,,CANCELLED
113,113,6,4,2025-12-04 00:24:10,2025-12-04 00:37:10,COMPLETED
114,114,1,3,2025-12-13 09:00:10,2025-12-13 09:32:10,COMPLETED
115,115,4,1,2025-11-28 17:45:10,2025-11-28 18:25:10,COMPLETED
116,116,1,1,2025-12-01 21:49:10,2025-12-01 22:00:10,COMPLETED
117,117,14,3,2025-11-30 08:36:10,2025-11-30 08:51:10,COMPLETED
118,118,14,3,2025-11-24 03:38:10,2025-11-24 04:21:10,COMPLETED
119,119,6,4,2025-12-08 04:36:10,2025-12-08 04:44:10,COMPLETED
120,120,2,4,2025-12-01 20:21:10,,NO_SHOW
121,121,2,1,2025-11-26 20:39:10,,CANCELLED
122,122,3,4,2025-12-10 19:16:10,2025-12-10 19:26:10,COMPLETED
123,123,11,2,2025-11-30 08:02:10,2025-11-30 08:47:10,COMPLETED
124,124,13,2,2025-11-23 05:29:10,2025-11-23 06:06:10,COMPLETED
125,125,10,4,2025-12-01 15:40:10,2025-12-01 16:01:10,COMPLETED
126,126,11,2,2025-11-23 21:36:10,2025-11-23 21:47:10,COMPLETED
127,127,11,4,2025-11-21 08:20:10,2025-11-21 08:29:10,COMPLETED
128,128,8,4,2025-11-21 05:56:10,2025-11-21 06:26:10,COMPLETED
129,129,9,2,2025-11-18 06:51:10,2025-11-18 07:36:10,COMPLETED
130,130,10,3,2025-11-29 07:38:10,,NO_SHOW
131,131,7,1,2025-11-21 23:10:10,2025-11-21 23:23:10,COMPLETED
132,132,3,4,2025-11-26 12:02:10,2025-11-26 12:40:10,COMPLETED
133,133,3,1,2025-12-12 19:40:10,2025-12-12 20:02:10,COMPLETED
134,134,3,3,2025-11-24 20:57:10,2025-11-24 21:20:10,COMPLETED
135,135,10,4,2025-12-14 14:55:10,2025-12-14 15:28:10,COMPLETED
136,136,1,4,2025-12-10 16:36:10,2025-12-10 16:55:10,COMPLETED
137,137,1,4,2025-12-13 04:25:10,2025-12-13 05:10:10,COMPLETED
138,138,6,4,2025-12-09 21:41:10,2025-12-09 22:17:10,COMPLETED
139,139,13,4,2025-12-01 03:50:10,2025-12-01 04:20:10,COMPLETED
140,140,9,3,2025-12-11 16:38:10,2025-12-11 16:48:10,COMPLETED
141,141,9,4,2025-11-25 09:26:10,,CANCELLED
142,142,2,2,2025-11-28 16:09:10,2025-11-28 16:28:10,COMPLETED
143,143,11,3,2025-11-29 15:36:10,2025-11-29 15:47:10,COMPLETED
144,144,13,4,2025-11-29 19:17:10,2025-11-29 19:48:10,COMPLETED
145,145,8,4,2025-12-14 08:19:10,2025-12-14 08:52:10,COMPLETED
146,146,10,2,2025-11-19 12:46:10,2025-11-19 13:17:10,COMPLETED
147,147,10,1,2025-11-20 08:27:10,2025-11-20 08:36:10,COMPLETED
148,148,8,3,2025-11-26 02:48:10,2025-11-26 03:19:10,COMPLETED
149,149,6,3,2025-11-18 17:00:10,2025-11-18 17:29:10,COMPLETED
150,150,10,2,2025-12-07 17:04:10,2025-12-07 17:45:10,COMPLETED
151,151,8,3,2025-11-19 07:08:10,2025-11-19 07:22:10,COMPLETED
152,152,2,3,2025-11-26 00:13:10,,NO_SHOW
153,153,10,4,2025-12-14 08:37:10,2025-12-14 09:04:10,COMPLETED
154,154,4,4,2025-11-20 09:35:10,,CANCELLED
155,155,5,4,2025-12-02 07:25:10,2025-12-02 08:02:10,COMPLETED
156,156,14,1,2025-12-11 22:04:10,2025-12-11 22:19:10,COMPLETED
157,157,13,4,2025-11-21 23:50:10,2025-11-22 00:25:10,COMPLETED
158,158,11,3,2025-11-25 19:05:10,,NO_SHOW
159,159,5,3,2025-12-10 11:57:10,2025-12-10 12:06:10,COMPLETED
160,160,12,2,2025-12-15 02:25:10,2025-12-15 02:41:10,COMPLETED
161,161,1,1,2025-12-09 03:07:10,2025-12-09 03:30:10,COMPLETED
162,162,6,4,2025-11-19 21:33:10,2025-11-19 22:02:10,COMPLETED
163,163,8,2,2025-12-15 06:03:10,2025-12-15 06:28:10,COMPLETED
164,164,3,1,2025-12-11 15:56:10,2025-12-11 16:13:10,COMPLETED
165,165,1,3,2025-12-06 13:08:10,2025-12-06 13:15:10,COMPLETED
166,166,9,1,2025-12-05 17:59:10,2025-12-05 18:36:10,COMPLETED
167,167,9,2,2025-12-07 05:06:10,2025-12-07 05:30:10,COMPLETED
168,168,1,3,2025-12-15 20:51:10,2025-12-15 21:20:10,COMPLETED
169,169,5,1,2025-12-12 23:49:10,2025-12-13 00:25:10,COMPLETED
170,170,7,3,2025-11-28 07:20:10,2025-11-28 08:02:10,COMPLETED
171,171,5,3,2025-12-15 16:17:10,2025-12-15 16:58:10,COMPLETED
172,172,4,4,2025-12-06 05:11:10,2025-12-06 05:38:10,COMPLETED
173,173,11,2,2025-12-03 12:51:10,,CANCELLED
174,174,10,3,2025-12-14 20:25:10,2025-12-14 20:53:10,COMPLETED
175,175,3,2,2025-12-05 19:21:10,2025-12-05 19:47:10,COMPLETED
176,176,7,4,2025-11-20 03:05:10,2025-11-20 03:34:10,COMPLETED
177,177,7,1,2025-11-26 06:06:10,2025-11-26 06:15:10,COMPLETED
178,178,13,1,2025-11-27 03:57:10,,CANCELLED
179,179,7,3,2025-12-09 03:45:10,2025-12-09 04:11:10,COMPLETED
180,180,13,4,2025-12-08 05:40:10,2025-12-08 06:24:10,COMPLETED
181,181,11,2,2025-12-10 01:33:10,2025-12-10 01:45:10,COMPLETED
182,182,4,2,2025-12-07 01:27:10,2025-12-07 01:50:10,COMPLETED
183,183,1,3,2025-12-04 12:30:10,2025-12-04 12:56:10,COMPLETED
184,184,10,2,2025-11-26 03:52:10,2025-11-26 04:33:10,COMPLETED
185,185,12,3,2025-12-05 18:23:10,2025-12-05 18:29:10,COMPLETED
186,186,11,3,2025-11-30 03:55:10,2025-11-30 04:17:10,COMPLETED
187,187,2,3,2025-11-24 20:48:10,2025-11-24 21:20:10,COMPLETED
188,188,12,1,2025-12-04 06:54:10,2025-12-04 07:07:10,COMPLETED
189,189,13,4,2025-11-23 07:32:10,2025-11-23 08:10:10,COMPLETED
190,190,6,4,2025-12-08 11:38:10,2025-12-08 12:16:10,COMPLETED
191,191,14,4,2025-12-02 18:02:10,2025-12-02 18:40:10,COMPLETED
192,192,13,2,2025-11-20 11:28:10,2025-11-20 12:10:10,COMPLETED
193,193,5,4,2025-11-28 18:44:10,2025-11-28 18:51:10,COMPLETED
194,194,1,3,2025-12-11 06:08:10,2025-12-11 06:16:10,COMPLETED
195,195,10,4,2025-11-27 09:06:10,2025-11-27 09:24:10,COMPLETED
196,196,7,4,2025-12-12 18:22:10,2025-12-12 18:51:10,COMPLETED
197,197,12,2,2025-12-12 19:36:10,2025-12-12 20:07:10,COMPLETED
198,198,6,2,2025-12-05 03:29:10,2025-12-05 03:47:10,COMPLETED
199,199,3,3,2025-11-30 17:43:10,2025-11-30 18:10:10,COMPLETED
200,200,12,1,2025-11-24 02:41:10,2025-11-24 03:05:10,COMPLETED
201,201,7,2,2025-12-04 03:56:10,2025-12-04 04:09:10,COMPLETED
202,202,4,4,2025-12-04 17:50:10,2025-12-04 18:03:10,COMPLETED
203,203,10,2,2025-11-19 17:51:10,2025-11-19 18:31:10,COMPLETED
204,204,14,2,2025-12-09 20:14:10,2025-12-09 20:49:10,COMPLETED
205,205,1,4,2025-12-01 13:42:10,2025-12-01 14:19:10,COMPLETED
206,206,11,1,2025-11-27 20:10:10,2025-11-27 20:50:10,COMPLETED
207,207,9,2,2025-11-23 10:40:10,2025-11-23 11:00:10,COMPLETED
208,208,4,3,2025-11-29 19:21:10,2025-11-29 19:31:10,COMPLETED
209,209,2,1,2025-11-23 09:31:10,,NO_SHOW
210,210,8,2,2025-12-05 08:11:10,2025-12-05 08:28:10,COMPLETED
211,211,6,2,2025-11-30 14:35:10,2025-11-30 14:44:10,COMPLETED
212,212,3,4,2025-11-27 02:38:10,2025-11-27 02:45:10,COMPLETED
213,213,13,2,2025-11-28 19:25:10,2025-11-28 19:51:10,COMPLETED
214,214,9,1,2025-12-03 10:30:10,2025-12-03 10:43:10,COMPLETED
215,215,13,3,2025-12-14 09:47:10,2025-12-14 10:12:10,COMPLETED
216,216,5,1,2025-12-13 03:07:10,2025-12-13 03:24:10,COMPLETED
217,217,12,2,2025-12-05 17:44:10,2025-12-05 18:27:10,COMPLETED
218,218,2,2,2025-11-20 18:15:10,2025-11-20 18:26:10,COMPLETED
219,219,5,1,2025-12-10 10:48:10,2025-12-10 11:09:10,COMPLETED
220,220,14,3,2025-12-09 08:09:10,,CANCELLED
221,221,6,4,2025-11-21 06:17:10,2025-11-21 06:23:10,COMPLETED
222,222,1,3,2025-12-02 14:48:10,2025-12-02 15:18:10,COMPLETED
223,223,6,3,2025-11-29 19:30:10,2025-11-29 19:43:10,COMPLETED
224,224,3,2,2025-12-05 11:29:10,2025-12-05 11:56:10,COMPLETED
225,225,10,2,2025-12-04 09:06:10,2025-12-04 09:44:10,COMPLETED
226,226,1,1,2025-11-27 19:40:10,2025-11-27 19:58:10,COMPLETED
227,227,11,1,2025-12-12 13:48:10,2025-12-12 14:28:10,COMPLETED
228,228,10,2,2025-11-30 11:27:10,2025-11-30 11:45:10,COMPLETED
229,229,2,2,2025-12-08 10:08:10,2025-12-08 10:53:10,COMPLETED
230,230,7,1,2025-11-24 01:34:10,2025-11-24 01:43:10,COMPLETED
231,231,11,1,2025-12-01 22:56:10,2025-12-01 23:19:10,COMPLETED
232,232,6,4,2025-11-18 20:24:10,2025-11-18 20:45:10,COMPLETED
233,233,3,2,2025-11-30 04:32:10,2025-11-30 04:43:10,COMPLETED
234,234,5,1,2025-11-28 14:53:10,,NO_SHOW
235,235,1,2,2025-12-05 22:00:10,2025-12-05 22:13:10,COMPLETED
236,236,1,2,2025-12-10 08:09:10,2025-12-10 08:43:10,COMPLETED
237,237,14,2,2025-12-12 20:15:10,2025-12-12 20:54:10,COMPLETED
238,238,10,4,2025-12-03 03:49:10,2025-12-03 04:19:10,COMPLETED
239,239,6,1,2025-11-18 18:33:10,2025-11-18 19:11:10,COMPLETED
240,240,6,1,2025-11-27 10:25:10,2025-11-27 10:50:10,COMPLETED
241,241,7,4,2025-11-26 15:59:10,,CANCELLED
242,242,14,3,2025-12-03 01:12:10,2025-12-03 01:43:10,COMPLETED
243,243,10,3,2025-12-13 15:55:10,2025-12-13 16:09:10,COMPLETED
244,244,6,1,2025-12-04 16:56:10,,CANCELLED
245,245,12,2,2025-12-10 14:43:10,2025-12-10 15:07:10,COMPLETED
246,246,11,3,2025-12-02 15:52:10,2025-12-02 16:09:10,COMPLETED
247,247,3,1,2025-11-23 15:56:10,2025-11-23 16:09:10,COMPLETED
248,248,2,3,2025-11-22 14:40:10,2025-11-22 15:09:10,COMPLETED
249,249,12,2,2025-12-08 10:16:10,2025-12-08 10:52:10,COMPLETED
250,250,13,1,2025-11-19 18:26:10,2025-11-19 18:57:10,COMPLETED
251,251,3,3,2025-12-06 16:35:10,2025-12-06 16:44:10,COMPLETED
252,252,14,4,2025-12-03 14:34:10,,NO_SHOW
253,253,7,1,2025-12-05 18:32:10,2025-12-05 18:55:10,COMPLETED
254,254,5,2,2025-11-29 09:25:10,2025-11-29 09:42:10,COMPLETED
255,255,12,3,2025-11-26 08:04:10,2025-11-26 08:26:10,COMPLETED
256,256,6,1,2025-11-27 04:59:10,2025-11-27 05:12:10,COMPLETED
257,257,14,4,2025-12-07 00:52:10,2025-12-07 01:19:10,COMPLETED
258,258,11,2,2025-11-30 05:09:10,2025-11-30 05:16:10,COMPLETED
259,259,13,4,2025-11-27 00:41:10,2025-11-27 00:58:10,COMPLETED
260,260,10,4,2025-11-28 12:28:10,2025-11-28 13:00:10,COMPLETED
261,261,11,4,2025-11-18 12:01:10,2025-11-18 12:27:10,COMPLETED
262,262,10,2,2025-11-24 01:37:10,2025-11-24 02:22:10,COMPLETED
263,263,5,1,2025-12-06 23:46:10,2025-12-07 00:31:10,COMPLETED
264,264,11,2,2025-12-05 13:22:10,2025-12-05 13:54:10,COMPLETED
265,265,11,1,2025-11-20 04:52:10,,NO_SHOW
266,266,12,2,2025-11-19 21:07:10,,CANCELLED
267,267,5,4,2025-12-12 09:26:10,2025-12-12 09:48:10,COMPLETED
268,268,7,1,2025-11-19 02:08:10,2025-11-19 02:21:10,COMPLETED
269,269,14,2,2025-12-04 23:09:10,2025-12-04 23:29:10,COMPLETED
270,270,2,2,2025-11-30 18:46:10,2025-11-30 19:02:10,COMPLETED
271,271,4,3,2025-12-06 11:28:10,2025-12-06 12:12:10,COMPLETED
272,272,10,3,2025-11-27 18:19:10,2025-11-27 18:48:10,COMPLETED
273,273,5,2,2025-11-24 15:30:10,2025-11-24 16:11:10,COMPLETED
274,274,8,3,2025-11-22 17:51:10,,NO_SHOW
275,275,9,4,2025-11-29 09:41:10,2025-11-29 10:05:10,COMPLETED
276,276,7,3,2025-12-02 14:32:10,2025-12-02 14:38:10,COMPLETED
277,277,1,2,2025-12-13 18:37:10,,CANCELLED
278,278,5,2,2025-11-30 10:42:10,2025-11-30 11:05:10,COMPLETED
279,279,4,1,2025-11-27 00:50:10,2025-11-27 01:34:10,COMPLETED
280,280,6,4,2025-12-13 08:59:10,2025-12-13 09:09:10,COMPLETED
281,281,3,4,2025-12-01 22:57:10,,NO_SHOW
282,282,2,1,2025-12-03 04:32:10,2025-12-03 05:08:10,COMPLETED
283,283,8,1,2025-11-27 01:46:10,2025-11-27 01:54:10,COMPLETED
284,284,14,4,2025-11-19 11:12:10,2025-11-19 11:27:10,COMPLETED
285,285,6,2,2025-12-05 22:08:10,2025-12-05 22:52:10,COMPLETED
286,286,9,4,2025-12-12 22:37:10,2025-12-12 23:01:10,COMPLETED
287,287,11,2,2025-11-29 09:52:10,2025-11-29 09:58:10,COMPLETED
288,288,5,2,2025-12-01 02:56:10,2025-12-01 03:11:10,COMPLETED
289,289,14,2,2025-12-08 01:00:10,2025-12-08 01:10:10,COMPLETED
290,290,14,1,2025-11-20 01:28:10,2025-11-20 01:55:10,COMPLETED
291,291,3,2,2025-11-25 14:52:10,2025-11-25 15:01:10,COMPLETED
292,292,9,1,2025-11-21 06:47:10,2025-11-21 06:57:10,COMPLETED
293,293,6,2,2025-12-13 04:28:10,2025-12-13 04:55:10,COMPLETED
294,294,5,4,2025-12-09 01:39:10,2025-12-09 02:23:10,COMPLETED
295,295,4,2,2025-12-04 11:15:10,,CANCELLED
296,296,13,2,2025-11-29 03:38:10,2025-11-29 03:48:10,COMPLETED
297,297,8,1,2025-12-12 03:36:10,2025-12-12 04:21:10,COMPLETED
298,298,14,1,2025-11-22 14:28:10,,CANCELLED
299,299,8,3,2025-12-06 13:37:10,2025-12-06 13:58:10,COMPLETED
300,300,10,3,2025-12-14 03:04:10,2025-12-14 03:20:10,COMPLETED
301,301,3,2,2025-12-05 13:12:10,2025-12-05 13:56:10,COMPLETED
302,302,6,2,2025-11-30 13:03:10,2025-11-30 13:35:10,COMPLETED
303,303,13,1,2025-12-08 10:30:10,2025-12-08 10:40:10,COMPLETED
304,304,6,4,2025-11-20 21:51:10,2025-11-20 22:07:10,COMPLETED
305,305,6,3,2025-11-30 00:24:10,2025-11-30 01:01:10,COMPLETED
306,306,6,2,2025-11-26 01:33:10,2025-11-26 01:50:10,COMPLETED
307,307,4,4,2025-11-23 19:45:10,2025-11-23 19:56:10,COMPLETED
308,308,5,3,2025-11-26 00:38:10,2025-11-26 00:59:10,COMPLETED
309,309,6,3,2025-11-24 09:21:10,2025-11-24 09:50:10,COMPLETED
310,310,6,3,2025-12-07 11:39:10,2025-12-07 12:14:10,COMPLETED
311,311,1,4,2025-11-20 09:12:10,2025-11-20 09:27:10,COMPLETED
312,312,2,3,2025-12-12 08:12:10,2025-12-12 08:20:10,COMPLETED
313,313,14,2,2025-11-27 07:14:10,,NO_SHOW
314,314,3,1,2025-12-14 16:32:10,2025-12-14 17:15:10,COMPLETED
315,315,10,1,2025-12-07 14:01:10,,NO_SHOW
316,316,4,4,2025-11-26 01:44:10,2025-11-26 02:06:10,COMPLETED
317,317,14,3,2025-12-05 15:07:10,2025-12-05 15:19:10,COMPLETED
318,318,3,3,2025-12-11 21:46:10,,CANCELLED
319,319,1,4,2025-12-05 02:15:10,2025-12-05 02:38:10,COMPLETED
320,320,1,3,2025-12-03 13:11:10,2025-12-03 13:30:10,COMPLETED
321,321,8,4,2025-12-07 06:28:10,2025-12-07 06:46:10,COMPLETED
322,322,9,1,2025-11-23 02:14:10,2025-11-23 02:25:10,COMPLETED
323,323,14,4,2025-12-08 13:17:10,2025-12-08 13:52:10,COMPLETED
324,324,11,4,2025-12-05 10:44:10,2025-12-05 11:10:10,COMPLETED
325,325,9,2,2025-12-15 05:21:10,2025-12-15 05:49:10,COMPLETED
326,326,10,1,2025-11-19 08:21:10,,CANCELLED
327,327,9,1,2025-12-08 05:49:10,2025-12-08 06:16:10,COMPLETED
328,328,5,1,2025-12-14 23:25:10,2025-12-15 00:06:10,COMPLETED
329,329,6,3,2025-12-09 04:54:10,2025-12-09 05:26:10,COMPLETED
330,330,5,3,2025-12-02 04:26:10,2025-12-02 05:08:10,COMPLETED
331,331,4,4,2025-12-13 00:10:10,2025-12-13 00:45:10,COMPLETED
332,332,1,2,2025-11-23 16:10:10,2025-11-23 16:36:10,COMPLETED
333,333,13,4,2025-12-10 07:50:10,2025-12-10 08:29:10,COMPLETED
334,334,4,2,2025-11-24 08:22:10,2025-11-24 08:37:10,COMPLETED
335,335,13,4,2025-11-29 08:07:10,2025-11-29 08:20:10,COMPLETED
336,336,2,3,2025-11-19 14:46:10,2025-11-19 15:28:10,COMPLETED
337,337,12,1,2025-12-11 10:19:10,2025-12-11 10:46:10,COMPLETED
338,338,8,2,2025-11-18 12:59:10,2025-11-18 13:40:10,COMPLETED
339,339,14,2,2025-12-10 03:43:10,2025-12-10 04:11:10,COMPLETED
340,340,11,2,2025-11-22 18:24:10,2025-11-22 18:51:10,COMPLETED
341,341,9,1,2025-12-10 07:05:10,2025-12-10 07:40:10,COMPLETED
342,342,2,2,2025-11-20 13:13:10,2025-11-20 13:48:10,COMPLETED
343,343,2,4,2025-11-24 21:33:10,2025-11-24 21:51:10,COMPLETED
344,344,13,4,2025-11-22 10:23:10,2025-11-22 10:42:10,COMPLETED
345,345,6,4,2025-12-03 15:09:10,2025-12-03 15:25:10,COMPLETED
346,346,14,2,2025-12-06 19:24:10,,CANCELLED
347,347,10,4,2025-12-09 04:38:10,2025-12-09 04:51:10,COMPLETED
348,348,2,4,2025-11-27 06:50:10,,CANCELLED
349,349,9,3,2025-11-26 21:01:10,2025-11-26 21:29:10,COMPLETED
350,350,11,4,2025-12-05 05:06:10,2025-12-05 05:46:10,COMPLETED
351,351,1,3,2025-12-02 07:36:10,2025-12-02 07:43:10,COMPLETED
352,352,14,3,2025-11-30 15:24:10,2025-11-30 16:02:10,COMPLETED
353,353,10,4,2025-11-27 10:19:10,2025-11-27 10:34:10,COMPLETED
354,354,3,1,2025-11-25 18:59:10,,CANCELLED
355,355,12,1,2025-11-19 20:13:10,2025-11-19 20:33:10,COMPLETED
356,356,5,1,2025-12-03 12:38:10,2025-12-03 13:04:10,COMPLETED
357,357,10,4,2025-11-26 19:22:10,2025-11-26 19:36:10,COMPLETED
358,358,1,3,2025-11-27 07:12:10,2025-11-27 07:29:10,COMPLETED
359,359,12,2,2025-12-02 00:11:10,2025-12-02 00:45:10,COMPLETED
360,360,4,4,2025-11-29 23:20:10,2025-11-29 23:31:10,COMPLETED
361,361,7,3,2025-12-15 18:24:10,2025-12-15 19:00:10,COMPLETED
362,362,5,1,2025-12-10 22:39:10,2025-12-10 23:13:10,COMPLETED
363,363,2,3,2025-12-03 17:33:10,2025-12-03 17:45:10,COMPLETED
364,364,12,1,2025-12-10 07:31:10,2025-12-10 07:56:10,COMPLETED
365,365,10,2,2025-11-23 11:30:10,2025-11-23 11:57:10,COMPLETED
366,366,14,4,2025-11-21 11:08:10,2025-11-21 11:43:10,COMPLETED
367,367,11,2,2025-12-09 15:05:10,2025-12-09 15:48:10,COMPLETED
368,368,7,1,2025-12-06 17:07:10,2025-12-06 17:39:10,COMPLETED
369,369,10,3,2025-11-20 18:57:10,2025-11-20 19:21:10,COMPLETED
370,370,7,4,2025-12-14 11:26:10,,CANCELLED
371,371,8,3,2025-11-30 01:53:10,2025-11-30 02:25:10,COMPLETED
372,372,11,1,2025-12-15 18:03:10,2025-12-15 18:23:10,COMPLETED
373,373,4,3,2025-12-04 22:32:10,2025-12-04 23:04:10,COMPLETED
374,374,10,3,2025-11-29 09:49:10,2025-11-29 10:31:10,COMPLETED
375,375,7,3,2025-11-22 12:18:10,2025-11-22 12:53:10,COMPLETED
376,376,14,1,2025-12-14 20:55:10,2025-12-14 21:32:10,COMPLETED
377,377,9,3,2025-12-08 13:20:10,2025-12-08 14:05:10,COMPLETED
378,378,2,1,2025-11-18 16:09:10,2025-11-18 16:25:10,COMPLETED
379,379,1,1,2025-12-03 14:53:10,2025-12-03 15:37:10,COMPLETED
380,380,14,2,2025-11-19 00:09:10,2025-11-19 00:15:10,COMPLETED
381,381,11,4,2025-11-21 04:03:10,2025-11-21 04:35:10,COMPLETED
382,382,6,3,2025-12-10 21:19:10,2025-12-10 21:47:10,COMPLETED
383,383,6,2,2025-12-15 12:47:10,2025-12-15 13:17:10,COMPLETED
384,384,4,1,2025-12-05 23:42:10,2025-12-06 00:07:10,COMPLETED
385,385,14,1,2025-12-12 12:45:10,2025-12-12 13:25:10,COMPLETED
386,386,12,1,2025-11-20 12:14:10,2025-11-20 12:50:10,COMPLETED
387,387,8,3,2025-11-27 21:54:10,,CANCELLED
388,388,10,3,2025-12-04 16:59:10,2025-12-04 17:36:10,COMPLETED
389,389,14,4,2025-12-05 20:18:10,2025-12-05 20:24:10,COMPLETED
390,390,2,4,2025-11-21 19:26:10,,NO_SHOW
391,391,3,1,2025-11-29 13:03:10,2025-11-29 13:38:10,COMPLETED
392,392,13,4,2025-12-09 13:13:10,2025-12-09 13:52:10,COMPLETED
393,393,13,1,2025-12-07 16:23:10,2025-12-07 16:44:10,COMPLETED
394,394,8,1,2025-12-04 18:33:10,,CANCELLED
395,395,14,1,2025-11-19 01:33:10,2025-11-19 01:47:10,COMPLETED
396,396,2,4,2025-12-12 06:18:10,2025-12-12 06:45:10,COMPLETED
397,397,9,3,2025-11-22 06:27:10,2025-11-22 07:00:10,COMPLETED
398,398,5,2,2025-12-13 13:22:10,2025-12-13 14:01:10,COMPLETED
399,399,2,4,2025-11-28 16:48:10,,CANCELLED
400,400,11,3,2025-12-11 04:53:10,2025-12-11 05:21:10,COMPLETED
401,401,5,2,2025-11-29 01:42:10,2025-11-29 01:49:10,COMPLETED
402,402,4,1,2025-12-09 02:48:10,2025-12-09 03:09:10,COMPLETED
403,403,4,4,2025-11-25 15:28:10,2025-11-25 15:50:10,COMPLETED
404,404,2,3,2025-11-22 16:24:10,2025-11-22 17:07:10,COMPLETED
405,405,13,3,2025-11-25 00:32:10,,NO_SHOW
406,406,3,2,2025-12-11 21:22:10,2025-12-11 21:36:10,COMPLETED
407,407,7,1,2025-11-23 07:53:10,2025-11-23 08:13:10,COMPLETED
408,408,14,3,2025-11-24 20:45:10,2025-11-24 21:17:10,COMPLETED
409,409,13,1,2025-12-05 02:57:10,,CANCELLED
410,410,5,4,2025-11-19 04:36:10,2025-11-19 05:07:10,COMPLETED
411,411,2,4,2025-12-12 14:45:10,,NO_SHOW
412,412,11,4,2025-11-20 02:26:10,2025-11-20 02:44:10,COMPLETED
413,413,7,1,2025-11-27 15:38:10,2025-11-27 15:47:10,COMPLETED
414,414,5,2,2025-12-07 00:44:10,2025-12-07 01:15:10,COMPLETED
415,415,8,1,2025-12-13 08:43:10,2025-12-13 09:17:10,COMPLETED
416,416,3,2,2025-12-10 17:05:10,,NO_SHOW
417,417,7,4,2025-11-30 02:18:10,2025-11-30 02:32:10,COMPLETED
418,418,10,1,2025-12-04 15:19:10,,CANCELLED
419,419,2,3,2025-12-09 16:58:10,2025-12-09 17:42:10,COMPLETED
420,420,7,3,2025-12-07 11:39:10,2025-12-07 11:56:10,COMPLETED
421,421,8,1,2025-12-02 01:19:10,2025-12-02 01:29:10,COMPLETED
422,422,14,4,2025-11-25 10:28:10,,CANCELLED
423,423,7,4,2025-12-06 04:27:10,2025-12-06 05:04:10,COMPLETED
424,424,14,2,2025-11-22 09:37:10,2025-11-22 09:43:10,COMPLETED
425,425,12,1,2025-12-02 04:52:10,2025-12-02 05:21:10,COMPLETED
426,426,8,4,2025-12-11 15:50:10,2025-12-11 16:16:10,COMPLETED
427,427,12,2,2025-11-18 09:33:10,2025-11-18 09:51:10,COMPLETED
428,428,7,3,2025-11-22 17:49:10,2025-11-22 18:20:10,COMPLETED
429,429,1,4,2025-12-04 04:54:10,,NO_SHOW
430,430,6,1,2025-12-04 17:30:10,2025-12-04 17:53:10,COMPLETED
431,431,4,1,2025-12-14 19:31:10,2025-12-14 19:56:10,COMPLETED
432,432,1,3,2025-12-10 12:25:10,2025-12-10 13:09:10,COMPLETED
433,433,9,2,2025-12-03 13:54:10,2025-12-03 14:21:10,COMPLETED
434,434,14,3,2025-11-29 08:36:10,2025-11-29 09:15:10,COMPLETED
435,435,5,3,2025-12-07 06:04:10,2025-12-07 06:43:10,COMPLETED
436,436,11,3,2025-12-06 06:05:10,2025-12-06 06:42:10,COMPLETED
437,437,2,4,2025-11-22 07:45:10,2025-11-22 08:25:10,COMPLETED
438,438,7,2,2025-11-29 08:08:10,,NO_SHOW
439,439,1,2,2025-11-24 23:23:10,2025-11-24 23:53:10,COMPLETED
440,440,13,2,2025-11-30 17:29:10,2025-11-30 17:41:10,COMPLETED
441,441,13,4,2025-12-05 23:20:10,2025-12-05 23:32:10,COMPLETED
442,442,2,3,2025-12-03 09:14:10,,NO_SHOW
443,443,11,1,2025-11-27 12:31:10,2025-11-27 13:05:10,COMPLETED
444,444,10,2,2025-12-09 19:28:10,2025-12-09 19:35:10,COMPLETED
445,445,6,4,2025-11-21 07:50:10,2025-11-21 08:15:10,COMPLETED
446,446,3,3,2025-12-07 23:45:10,,NO_SHOW
447,447,13,1,2025-12-08 06:09:10,2025-12-08 06:20:10,COMPLETED
448,448,11,2,2025-11-23 08:09:10,2025-11-23 08:21:10,COMPLETED
449,449,8,2,2025-11-21 03:04:10,2025-11-21 03:43:10,COMPLETED
450,450,14,4,2025-12-12 19:32:10,2025-12-12 20:09:10,COMPLETED
451,451,2,1,2025-12-05 23:10:10,2025-12-05 23:44:10,COMPLETED
452,452,5,4,2025-12-13 11:54:10,2025-12-13 12:33:10,COMPLETED
453,453,2,2,2025-11-27 14:45:10,2025-11-27 14:58:10,COMPLETED
454,454,7,2,2025-11-24 06:26:10,2025-11-24 06:58:10,COMPLETED
455,455,3,3,2025-12-09 10:58:10,2025-12-09 11:36:10,COMPLETED
456,456,1,4,2025-12-05 02:49:10,2025-12-05 03:13:10,COMPLETED
457,457,4,1,2025-12-10 10:50:10,2025-12-10 11:09:10,COMPLETED
458,458,7,4,2025-12-05 13:27:10,2025-12-05 13:38:10,COMPLETED
459,459,9,1,2025-11-22 16:26:10,2025-11-22 17:02:10,COMPLETED
460,460,12,4,2025-12-14 16:07:10,2025-12-14 16:52:10,COMPLETED
461,461,6,2,2025-12-03 15:18:10,2025-12-03 15:41:10,COMPLETED
462,462,14,2,2025-12-03 18:50:10,2025-12-03 19:05:10,COMPLETED
463,463,10,3,2025-12-05 15:45:10,2025-12-05 16:28:10,COMPLETED
464,464,8,2,2025-12-09 00:30:10,2025-12-09 00:56:10,COMPLETED
465,465,13,1,2025-12-09 20:19:10,2025-12-09 20:52:10,COMPLETED
466,466,12,1,2025-12-02 21:03:10,2025-12-02 21:47:10,COMPLETED
467,467,12,2,2025-11-29 19:39:10,2025-11-29 19:53:10,COMPLETED
468,468,12,4,2025-11-19 23:34:10,2025-11-19 23:58:10,COMPLETED
469,469,5,1,2025-11-29 12:00:10,2025-11-29 12:19:10,COMPLETED
470,470,4,3,2025-12-07 15:28:10,2025-12-07 15:47:10,COMPLETED
471,471,10,3,2025-11-26 01:48:10,2025-11-26 01:56:10,COMPLETED
472,472,9,4,2025-12-10 01:19:10,2025-12-10 01:47:10,COMPLETED
473,473,2,2,2025-11-22 12:47:10,2025-11-22 13:32:10,COMPLETED
474,474,5,1,2025-11-24 17:46:10,2025-11-24 18:14:10,COMPLETED
475,475,1,3,2025-12-03 22:11:10,2025-12-03 22:45:10,COMPLETED
476,476,10,4,2025-12-10 04:43:10,2025-12-10 04:56:10,COMPLETED
477,477,8,4,2025-12-04 02:46:10,2025-12-04 02:52:10,COMPLETED
478,478,13,2,2025-11-29 03:13:10,2025-11-29 03:34:10,COMPLETED
479,479,4,2,2025-12-12 08:31:10,2025-12-12 09:08:10,COMPLETED
480,480,10,2,2025-11-25 07:04:10,2025-11-25 07:40:10,COMPLETED
481,481,13,3,2025-11-25 13:19:10,2025-11-25 13:30:10,COMPLETED
482,482,6,1,2025-12-04 12:37:10,2025-12-04 12:46:10,COMPLETED
483,483,13,4,2025-12-01 05:39:10,,CANCELLED
484,484,14,4,2025-11-29 23:23:10,2025-11-29 23:39:10,COMPLETED
485,485,2,2,2025-11-18 19:35:10,,NO_SHOW
486,486,3,4,2025-11-29 10:44:10,2025-11-29 11:20:10,COMPLETED
487,487,5,1,2025-12-13 09:46:10,,NO_SHOW
488,488,3,3,2025-11-21 07:40:10,2025-11-21 08:04:10,COMPLETED
489,489,5,3,2025-11-30 12:40:10,2025-11-30 13:24:10,COMPLETED
